Project Name;Ticket;Priority;Severity;Category;Status;Opening Date;Date of Resolution;Acknowledge SLA;Resolution SLA;Application;Environment;MD's;Problem;Country;Close Date;Closed Admin;SM Audit;
Farmacia Arrocha;0092195;P2;problem;Application;closed;2025-05-24;2025-08-12 22:28:17;0;512;XStore;QA;0,00;;N/A;2026-03-03 10:03:23;N;;
Farmacia Arrocha;0092197;P2;problem;Application;closed;2025-05-24;2025-08-12 22:33:22;0;764;XStore;QA;0,00;;N/A;2026-03-03 10:03:25;N;;
Farmacia Arrocha;0093398;P2;problem;Application;closed;2025-06-13;2025-08-12 22:37:49;0;457;XStore;PRD;0,00;;N/A;2026-03-03 10:03:26;N;;
Farmacia Arrocha;0093497;P2;problem;Application;closed;2025-06-16;2025-08-12 22:39:19;0;98;XStore;QA;0,00;;N/A;2026-03-03 10:03:26;N;;
Farmacia Arrocha;0093500;P2;problem;Application;closed;2025-06-16;2025-08-12 22:31:02;0;33;XStore;PRD;0,00;;N/A;2026-03-03 10:03:24;N;;
Farmacia Arrocha;0094078;P1;problem;Application;closed;2025-06-30;2025-11-07 15:22:45;0;106571;XStore;PRD;0,00;;N/A;2026-03-03 10:03:56;N;;
Farmacia Arrocha;0095289;P1;problem;Application;closed;2025-07-14;2025-10-13 23:05:16;0;76609;XStore;PRD;0,00;;N/A;2026-03-03 10:03:21;N;;
Farmacia Arrocha;0095601;P3;problem;Application;closed;2025-07-18;2025-09-23 16:06:55;0;2856;XStore;PRD;0,00;;N/A;2026-03-03 10:03:48;N;;
Farmacia Arrocha;0095972;P3;problem;Application;closed;2025-07-25;2025-09-22 21:37:50;0;58;XStore;PRD;0,00;;N/A;2026-03-03 10:03:56;N;;
Farmacia Arrocha;0096348;P1;problem;Application;closed;2025-08-02;2025-09-23 16:14:45;0;5818;XStore;PRD;0,00;;N/A;2026-03-03 10:03:49;N;;
Farmacia Arrocha;0096462;P4;problem;Batch;closed;2025-08-04;2025-08-04 23:07:41;0;0;XStore;QA;0,00;;N/A;2026-03-03 10:03:48;N;;
Farmacia Arrocha;0096542;P2;problem;Application;closed;2025-08-05;2025-08-05 23:31:38;0;0;ArrochaParati;PRD;0,00;;N/A;2026-03-03 10:03:15;N;;
Farmacia Arrocha;0096655;P1;problem;Application;closed;2025-08-07;2025-08-08 21:35:53;0;1762;ArrochaParati;PRD;0,00;;N/A;2026-03-03 10:03:18;N;;
Farmacia Arrocha;0096828;P4;problem;Application;closed;2025-08-12;2025-10-08 09:42:56;0;0;APP;PRD;0,00;;N/A;2026-03-03 10:03:14;N;;
Farmacia Arrocha;0097024;P2;problem;Application;closed;2025-08-15;2025-08-15 19:02:16;0;58;XStore;PRD;0,00;;N/A;2026-03-03 10:03:40;N;;
Farmacia Arrocha;0097036;P2;incident;Application;closed;2025-08-15;2026-03-13 12:47:00;0;61775;APP;PRD;0,00;110090;N/A;2026-03-21 09:03:40;Y;;
Farmacia Arrocha;0097112;P1;problem;Application;closed;2025-08-18;2025-11-07 14:50:56;0;757;XStore;PRD;0,00;;N/A;2026-03-03 10:03:56;N;;
Farmacia Arrocha;0097130;P2;problem;Integration;waiting_client_feedback;2025-08-18;;0;;XStore;PRD;0,03;;N/A;;N;;
Farmacia Arrocha;0097185;P1;problem;Application;closed;2025-08-19;2025-08-19 15:49:41;0;2;XStore;PRD;0,00;;N/A;2026-03-03 10:03:33;N;;
Farmacia Arrocha;0097193;P2;problem;Application;closed;2025-08-19;2025-09-23 17:45:03;0;324;XStore;PRD;0,00;;N/A;2026-03-03 10:03:48;N;;
Farmacia Arrocha;0097196;P2;problem;Application;closed;2025-08-19;2025-09-10 15:55:47;0;286;XStore;PRD;0,00;;N/A;2026-03-03 10:03:41;N;;
Farmacia Arrocha;0097437;P1;problem;Application;closed;2025-08-24;2025-11-07 15:24:11;0;26499;XStore;PRD;0,00;;N/A;2026-03-03 10:03:56;N;;
Farmacia Arrocha;0097875;P2;problem;Application;closed;2025-08-28;2025-08-28 23:49:32;0;0;XStore;PRD;0,00;;N/A;2026-03-03 10:03:44;N;;
Farmacia Arrocha;0097878;P1;problem;Application;closed;2025-08-29;2025-08-29 09:27:33;0;1;XStore;PRD;0,00;;N/A;2026-03-03 10:03:44;N;;
Farmacia Arrocha;0098376;P2;problem;Application;closed;2025-09-09;2025-09-09 21:12:38;0;1;XStore;PRD;0,00;;N/A;2026-03-03 10:03:39;N;;
Farmacia Arrocha;0098378;P2;problem;Application;closed;2025-09-09;2025-09-09 21:14:16;0;1;XStore;PRD;0,00;;N/A;2026-03-03 10:03:40;N;;
Farmacia Arrocha;0098380;P2;problem;Application;closed;2025-09-09;2025-09-09 21:18:05;0;2;XStore;QA;0,00;;N/A;2026-03-03 10:03:40;N;;
Farmacia Arrocha;0098713;P2;problem;Application;closed;2025-09-16;2025-09-16 17:45:59;0;1;XStore;QA;0,00;;N/A;2026-03-03 10:03:43;N;;
Farmacia Arrocha;0099164;P2;problem;Application;closed;2025-09-25;2025-10-23 14:58:31;0;359;XStore;PRD;0,00;;N/A;2026-03-03 10:03:24;N;;
Farmacia Arrocha;0099262;P2;problem;Application;closed;2025-09-26;2025-09-26 15:26:23;0;2;XStore;PRD;0,00;;N/A;2026-03-03 10:03:51;N;;
Farmacia Arrocha;0101356;P2;problem;Application;closed;2025-10-01;2025-10-01 14:59:35;0;1;XStore;QA;0,00;;N/A;2026-03-03 10:03:05;N;;
Farmacia Arrocha;0101492;P2;user_request;Application;closed;2025-10-03;2026-01-13 19:32:20;0;613;XStore;PRD;0,25;;N/A;2026-01-21 09:01:46;Y;;
Farmacia Arrocha;0101908;P2;problem;Application;closed;2025-10-10;2025-10-10 10:32:20;0;0;ORCE;QA;0,00;;N/A;2026-03-03 10:03:19;N;;
Farmacia Arrocha;0102046;P2;problem;Application;closed;2025-10-13;2025-10-13 23:00:40;0;0;XStore;PRD;0,00;;N/A;2026-03-03 10:03:21;N;;
Farmacia Arrocha;0102212;P2;problem;Application;closed;2025-10-16;2025-11-07 14:43:16;0;293;XStore;PRD;0,00;;N/A;2026-03-03 10:03:55;N;;
Farmacia Arrocha;0102298;P1;problem;Application;closed;2025-10-18;2025-10-18 05:07:45;0;2;XStore;PRD;0,00;;N/A;2026-03-03 10:03:55;N;;
Farmacia Arrocha;0102350;P2;problem;Application;closed;2025-10-20;2025-12-10 10:55:15;0;589;XStore;PRD;0,00;;N/A;2026-03-03 10:03:27;N;;
Farmacia Arrocha;0102427;P4;problem;Application;closed;2025-10-21;2025-10-21 18:38:00;0;3;ORCE;PRD;0,00;;N/A;2026-03-03 10:03:01;N;;
Farmacia Arrocha;0102508;P1;problem;Integration;closed;2025-10-22;2025-10-22 21:41:41;0;3;XStore;PRD;0,00;;N/A;2026-03-03 10:03:22;N;;
Farmacia Arrocha;0102579;P2;problem;Application;closed;2025-10-24;2025-10-27 16:23:40;0;441;XStore;PRD;0,00;;N/A;2026-03-03 10:03:28;N;;
Farmacia Arrocha;0102614;P2;problem;Application;closed;2025-10-24;2025-11-04 23:06:01;0;362;XStore;PRD;0,00;;N/A;2026-03-03 10:03:31;N;;
Farmacia Arrocha;0102885;P2;problem;Integration;waiting_client_feedback;2025-10-30;;0;;XStore;PRD;0,28;;N/A;;N;;
Farmacia Arrocha;0103324;P2;problem;Application;closed;2025-11-07;2025-11-07 15:32:38;0;3;XStore;PRD;0,00;;N/A;2026-03-03 10:03:57;N;;
Farmacia Arrocha;0103385;P1;problem;Application;closed;2025-11-10;2025-11-10 08:28:41;0;1;XStore;PRD;0,00;;N/A;2026-03-03 10:03:58;N;;
Farmacia Arrocha;0103579;P3;problem;Application;closed;2025-11-12;2025-11-12 15:48:10;0;3;XStore;PRD;0,00;;N/A;2026-03-03 10:03:02;N;;
Farmacia Arrocha;0103840;P3;problem;Application;closed;2025-11-17;2025-11-17 15:58:50;0;1;XStore;PRD;0,00;;N/A;2026-03-03 10:03:09;N;;
Farmacia Arrocha;0103845;P2;problem;Application;closed;2025-11-17;2025-11-17 16:33:07;0;3;ORCE;PRD;0,00;;N/A;2026-03-03 10:03:09;N;;
Farmacia Arrocha;0103854;P1;problem;Application;closed;2025-11-17;2025-11-17 18:15:14;0;4;XStore;PRD;0,00;;N/A;2026-03-03 10:03:23;N;;
Farmacia Arrocha;0104075;P2;problem;Application;closed;2025-11-20;2025-12-10 10:22:44;0;402;ORCE;PRD;0,00;;N/A;2026-03-03 10:03:27;N;;
Farmacia Arrocha;0104591;P2;problem;Application;closed;2025-11-28;2026-01-09 17:10:05;0;280;ORCE;PRD;0,06;;N/A;2026-02-11 04:02:18;N;;
Farmacia Arrocha;0104880;P2;user_request;Application;closed;2025-12-03;;0;566;XStore;PRD;0,00;;N/A;2026-01-15 09:01:39;Y;;
Farmacia Arrocha;0104947;P2;problem;Application;closed;2025-12-04;2025-12-04 13:11:02;0;0;XStore;QA;0,00;;N/A;2026-03-03 10:03:59;N;;
Farmacia Arrocha;0105276;P3;problem;Application;closed;2025-12-10;2025-12-11 09:34:57;0;381;XStore;PRD;0,00;;N/A;2026-03-03 10:03:29;N;;
Farmacia Arrocha;0105348;P2;problem;Application;closed;2025-12-11;2026-02-05 12:12:14;0;1193;XStore;PRD;0,19;;N/A;2026-03-28 09:03:30;N;;
Farmacia Arrocha;0105442;P1;problem;Application;closed;2025-12-12;2025-12-12 21:09:25;0;5;XStore;PRD;0,00;;N/A;2026-03-03 10:03:34;N;;
Farmacia Arrocha;0105724;P2;problem;Application;closed;2025-12-17;2025-12-17 21:58:08;0;0;APP;PRD;0,00;;N/A;2026-03-03 10:03:53;N;;
Farmacia Arrocha;0106226;P1;problem;Application;closed;2025-12-27;2025-12-31 15:18:00;0;6521;XStore;PRD;0,00;;N/A;2026-03-03 11:03:18;N;;
Farmacia Arrocha;0106246;P3;incident;Application;closed;2025-12-28;;0;69;XStore;PRD;0,09;;N/A;2026-01-13 09:01:44;Y;;
Farmacia Arrocha;0106269;P1;problem;Application;closed;2025-12-29;2025-12-29 10:38:30;0;1;XStore;PRD;0,00;;N/A;2026-03-03 10:03:04;N;;
Farmacia Arrocha;0106491;P3;problem;Application;resolved;2025-12-31;2026-03-30 15:52:40;0;;XStore;PRD;0,03;;N/A;;N;;
Farmacia Arrocha;0106554;P2;user_request;Support;closed;2026-01-02;2026-02-05 12:13:48;0;420;Infrastructure;PRD;0,06;;N/A;2026-02-11 02:02:20;N;;
Farmacia Arrocha;0106574;P2;incident;Application;closed;2026-01-02;2026-03-20 09:22:38;0;18895;XStore;PRD;0,28;110434;N/A;2026-03-28 09:03:48;Y;;
Farmacia Arrocha;0106649;P2;internal;Support;resolved;2026-01-05;2026-01-07 07:11:24;0;;Internal;PRD;0,09;;N/A;;N;;
Farmacia Arrocha;0106651;P2;internal;Support;resolved;2026-01-05;2026-01-07 07:23:11;0;;Internal;PRD;0,03;;N/A;;N;;
Farmacia Arrocha;0106808;P3;incident;Application;closed;2026-01-07;;0;372;XStore;PRD;0,72;;N/A;2026-01-23 09:01:40;Y;;
Farmacia Arrocha;0107068;P3;incident;Application;closed;2026-01-13;2026-01-13 17:12:19;0;44;XStore;PRD;0,09;39126;N/A;2026-01-21 09:01:49;Y;;
Farmacia Arrocha;0107076;P2;incident;Application;closed;2026-01-13;;0;56;XStore;PRD;0,06;;N/A;2026-01-21 09:01:50;Y;;
Farmacia Arrocha;0107096;P2;user_request;Integration;closed;2026-01-13;;0;57;XStore;PRD;0,19;;N/A;2026-01-22 09:01:49;Y;;
Farmacia Arrocha;0107210;P4;user_request;Application;closed;2026-01-15;;0;22;XStore;PRD;0,03;;N/A;2026-01-23 09:01:43;Y;;
Farmacia Arrocha;0107237;P2;incident;Application;closed;2026-01-15;;0;1566;XStore;PRD;0,38;;N/A;2026-02-06 09:02:43;Y;;
Farmacia Arrocha;0107366;P3;user_request;Batch;closed;2026-01-19;;0;369;ORCE;QA;0,50;;N/A;2026-02-05 09:02:40;Y;;
Farmacia Arrocha;0107393;P2;incident;Application;closed;2026-01-19;;0;35;XStore;PRD;0,06;;N/A;2026-01-27 09:01:46;Y;;
Farmacia Arrocha;0107505;P2;incident;Application;closed;2026-01-21;2026-01-21 20:53:39;0;115;XStore;PRD;0,06;107538;N/A;2026-01-29 09:01:43;Y;;
Farmacia Arrocha;0107534;P2;user_request;Application;closed;2026-01-21;2026-01-23 20:56:03;0;147;XStore;PRD;0,28;;N/A;2026-01-31 09:01:43;Y;;
Farmacia Arrocha;0107538;P2;problem;Application;closed;2026-01-21;2026-01-21 20:53:43;0;1;XStore;PRD;0,00;;N/A;2026-03-07 21:03:55;N;;
Farmacia Arrocha;0107570;P2;user_request;Application;closed;2026-01-22;;0;132;XStore;PRD;0,13;;N/A;2026-02-05 09:02:41;Y;;
Farmacia Arrocha;0107582;P2;incident;Integration;closed;2026-01-22;2026-01-29 16:53:08;0;1439;XStore;PRD;0,16;107924;N/A;2026-02-06 09:02:43;Y;;
Farmacia Arrocha;0107584;P2;incident;Integration;closed;2026-01-22;;0;2471;XStore;PRD;0,56;;N/A;2026-02-07 09:02:39;Y;;
Farmacia Arrocha;0107586;P2;incident;Application;closed;2026-01-22;2026-02-03 20:54:47;0;4500;XStore;PRD;0,22;108159;N/A;2026-02-11 09:02:48;Y;;
Farmacia Arrocha;0107599;P2;user_request;Application;closed;2026-01-22;;0;132;XStore;PRD;0,06;;N/A;2026-01-31 09:01:44;Y;;
Farmacia Arrocha;0107617;P2;incident;Application;closed;2026-01-23;;0;440;XStore;PRD;0,25;;N/A;2026-01-31 09:01:44;Y;;
Farmacia Arrocha;0107642;P2;incident;Application;closed;2026-01-23;;0;258;XStore;PRD;0,16;;N/A;2026-02-04 09:02:42;Y;;
Farmacia Arrocha;0107736;P2;user_request;Application;closed;2026-01-26;2026-01-30 13:51:47;0;396;XStore;PRD;0,00;;N/A;2026-02-07 09:02:40;Y;;
Farmacia Arrocha;0107755;P2;user_request;Application;closed;2026-01-26;2026-05-08 13:47:20;0;675;XStore;PRD;0,13;;N/A;2026-05-08 13:05:16;N;;
Farmacia Arrocha;0107761;P2;incident;Application;closed;2026-01-26;;0;753;XStore;QA;0,41;;N/A;2026-02-06 09:02:44;Y;;
Farmacia Arrocha;0107766;P2;incident;Application;closed;2026-01-26;2026-02-05 10:17:11;0;979;XStore;PRD;0,38;108244;N/A;2026-02-11 01:02:32;N;;
Farmacia Arrocha;0107869;P2;user_request;Application;closed;2026-01-28;2026-02-05 15:30:51;0;571;XStore;PRD;0,47;;N/A;2026-02-13 09:02:47;Y;;
Farmacia Arrocha;0107924;P2;problem;Integration;closed;2026-01-29;2026-01-29 16:53:10;0;2;XStore;PRD;0,00;;N/A;2026-03-21 09:03:56;N;;
Farmacia Arrocha;0107934;P2;incident;Application;closed;2026-01-29;2026-01-30 12:34:01;0;165;ORCE;PRD;0,00;107961;N/A;2026-02-05 01:02:15;N;;
Farmacia Arrocha;0107961;P2;problem;Application;closed;2026-01-30;2026-01-30 12:36:14;0;0;ORCE;PRD;0,03;;N/A;2026-03-21 09:03:55;N;;
Farmacia Arrocha;0108054;P2;incident;Application;closed;2026-02-02;;0;290;XStore;PRD;0,22;;N/A;2026-02-18 09:02:42;Y;;
Farmacia Arrocha;0108069;P2;incident;Application;rejected;2026-02-02;;0;;XStore;PRD;0,03;;N/A;;N;;
Farmacia Arrocha;0108159;P2;problem;Application;waiting_client_feedback;2026-02-03;;0;;XStore;PRD;0,13;;N/A;;N;;
Farmacia Arrocha;0108185;P2;user_request;Application;closed;2026-02-04;2026-02-11 11:36:59;0;399;XStore;PRD;0,00;;N/A;2026-02-11 11:02:04;N;;
Farmacia Arrocha;0108244;P2;problem;Application;closed;2026-02-05;2026-02-05 12:32:08;0;0;XStore;PRD;0,03;;N/A;2026-03-28 09:03:22;N;;
Farmacia Arrocha;0108322;P2;incident;Application;closed;2026-02-06;;0;110;XStore;PRD;0,19;;N/A;2026-02-14 09:02:43;Y;;
Farmacia Arrocha;0108330;P2;user_request;Application;closed;2026-02-06;;0;176;XStore;PRD;0,81;;N/A;2026-02-19 09:02:44;Y;;
Farmacia Arrocha;0108381;P2;incident;Application;closed;2026-02-08;2026-02-13 11:58:05;0;906;XStore;PRD;0,13;49620;N/A;2026-02-17 09:02:48;Y;;
Farmacia Arrocha;0108396;P2;incident;Application;closed;2026-02-09;;0;0;XStore;PRD;0,00;;N/A;2026-02-17 09:02:48;Y;;
Farmacia Arrocha;0108417;P2;incident;Application;closed;2026-02-09;;0;201;XStore;PRD;0,06;;N/A;2026-02-19 09:02:45;Y;;
Farmacia Arrocha;0108517;P3;incident;Application;closed;2026-02-11;;0;45;XStore;PRD;0,13;;N/A;2026-02-19 09:02:46;Y;;
Farmacia Arrocha;0108544;P2;incident;Application;closed;2026-02-11;2026-02-24 22:58:27;0;3277;XStore;PRD;0,34;108896;N/A;2026-03-04 09:03:41;Y;;
Farmacia Arrocha;0108545;P2;incident;Application;closed;2026-02-11;;0;14355;XStore;PRD;0,00;;N/A;2026-03-28 09:03:48;Y;;
Farmacia Arrocha;0108550;P2;incident;Application;closed;2026-02-11;;0;1086;XStore;PRD;0,03;;N/A;2026-03-04 09:03:42;Y;;
Farmacia Arrocha;0108565;P2;incident;Application;closed;2026-02-11;;0;327;XStore;PRD;0,06;;N/A;2026-02-20 09:02:47;Y;;
Farmacia Arrocha;0108619;P2;user_request;Application;closed;2026-02-12;;0;1034;XStore;PRD;0,13;;N/A;2026-03-20 09:03:41;Y;;
Farmacia Arrocha;0108634;P2;incident;Integration;closed;2026-02-13;;0;351;XStore;PRD;0,19;;N/A;2026-03-04 09:03:42;Y;;
Farmacia Arrocha;0108675;P2;user_request;Application;closed;2026-02-13;;0;720;XStore;QA;0,09;;N/A;2026-04-04 09:04:51;Y;;
Farmacia Arrocha;0108689;P2;user_request;Application;closed;2026-02-13;2026-05-08 13:48:56;0;579;XStore;QA;0,00;;N/A;2026-05-08 13:05:28;N;;
Farmacia Arrocha;0108701;P1;incident;Application;closed;2026-02-14;2026-02-16 15:58:14;0;3573;XStore;PRD;0,06;108778;N/A;2026-02-24 09:02:42;Y;;
Farmacia Arrocha;0108721;P1;incident;Application;closed;2026-02-15;2026-02-15 04:28:45;0;18;XStore;PRD;0,06;71964;N/A;2026-02-23 09:02:43;Y;;
Farmacia Arrocha;0108727;P1;incident;Application;closed;2026-02-16;2026-02-16 15:08:58;0;670;XStore;PRD;0,16;108773;N/A;2026-02-24 09:02:43;Y;;
Farmacia Arrocha;0108773;P1;problem;Application;closed;2026-02-16;2026-02-18 01:46:18;0;2079;XStore;PRD;0,00;;N/A;2026-04-04 09:04:19;N;;
Farmacia Arrocha;0108778;P1;problem;Application;closed;2026-02-16;2026-02-16 15:58:41;0;2;XStore;PRD;0,00;;N/A;2026-04-04 09:04:10;N;;
Farmacia Arrocha;0108896;P2;problem;Application;resolved;2026-02-18;2026-04-14 18:46:58;0;;XStore;PRD;0,13;;N/A;;N;;
Farmacia Arrocha;0108931;P2;incident;Application;closed;2026-02-19;2026-02-19 17:26:06;0;176;XStore;PRD;0,16;108944;N/A;2026-02-26 13:02:48;N;;
Farmacia Arrocha;0108944;P2;problem;Application;closed;2026-02-19;2026-02-19 17:26:38;0;3;XStore;PRD;0,00;;N/A;2026-04-11 09:04:16;N;;
Farmacia Arrocha;0109016;P2;incident;Support;closed;2026-02-20;;0;206;XStore;PRD;0,13;;N/A;2026-03-04 09:03:43;Y;;
Farmacia Arrocha;0109079;P2;user_request;Application;closed;2026-02-23;;0;891;XStore;PRD;0,53;;N/A;2026-03-06 09:03:46;Y;;
Farmacia Arrocha;0109142;P2;user_request;Application;closed;2026-02-24;2026-02-26 16:28:38;0;251;ORCE;QA;0,09;;N/A;2026-02-26 16:02:47;N;;
Farmacia Arrocha;0109164;P2;incident;Application;closed;2026-02-24;;0;116;XStore;PRD;0,06;108896;N/A;2026-03-11 09:03:42;Y;;
Farmacia Arrocha;0109166;P2;incident;Application;closed;2026-02-24;;0;93;XStore;PRD;0,03;;N/A;2026-03-04 09:03:45;Y;;
Farmacia Arrocha;0109182;P1;incident;Application;closed;2026-02-25;2026-02-25 03:57:16;0;13;XStore;PRD;0,06;109183;N/A;2026-03-05 09:03:50;Y;;
Farmacia Arrocha;0109183;P1;problem;Application;closed;2026-02-25;2026-02-25 03:57:14;0;2;XStore;PRD;0,00;;N/A;2026-04-11 09:04:12;N;;
Farmacia Arrocha;0109593;P1;incident;Application;closed;2026-03-04;;0;19;XStore;PRD;0,06;;N/A;2026-03-12 09:03:49;Y;;
Farmacia Arrocha;0109707;P2;incident;Application;closed;2026-03-05;2026-03-16 20:19:53;0;2627;XStore;PRD;0,31;110232;N/A;2026-03-24 09:03:45;Y;;
Farmacia Arrocha;0109713;P2;incident;Application;closed;2026-03-05;2026-03-17 12:09:10;0;2427;XStore;PRD;1,88;110256;N/A;2026-03-23 15:03:24;N;;
Farmacia Arrocha;0109822;P2;user_request;Application;acknowledged;2026-03-09;;0;;XStore;QA;0,00;;N/A;2026-03-20 09:03:42;Y;;
Farmacia Arrocha;0109863;P2;incident;Application;closed;2026-03-09;;0;1257;XStore;QA;0,06;;N/A;2026-03-20 09:03:42;Y;;
Farmacia Arrocha;0109918;P2;incident;Application;closed;2026-03-10;2026-03-12 21:58:57;0;128;XStore;PRD;0,00;110069;N/A;2026-03-12 21:03:50;N;;
Farmacia Arrocha;0109925;P2;incident;Application;closed;2026-03-10;2026-03-12 22:32:04;0;659;XStore;PRD;0,25;109987;N/A;2026-03-17 13:03:31;N;;
Farmacia Arrocha;0109978;P2;user_request;Application;closed;2026-03-11;;0;240;XStore;PRD;0,22;;N/A;2026-03-31 09:03:42;Y;;
Farmacia Arrocha;0109980;P2;incident;Application;closed;2026-03-11;2026-03-12 22:26:40;0;193;XStore;PRD;0,06;109989;N/A;2026-03-20 09:03:43;Y;;
Farmacia Arrocha;0109987;P2;problem;Application;closed;2026-03-11;2026-03-12 22:32:40;0;97;XStore;PRD;0,25;;N/A;2026-05-02 09:05:20;N;;
Farmacia Arrocha;0109988;P2;incident;Application;closed;2026-03-11;2026-03-12 22:37:18;0;318;XStore;QA;0,09;110070;N/A;2026-03-20 09:03:44;Y;;
Farmacia Arrocha;0109989;P2;problem;Application;waiting_client_feedback;2026-03-11;;0;;XStore;PRD;0,00;;N/A;;N;;
Farmacia Arrocha;0110090;P2;problem;Application;closed;2026-03-13;2026-03-13 12:47:53;0;0;APP;PRD;0,00;;N/A;2026-05-02 09:05:15;N;;
Farmacia Arrocha;0110151;P1;incident;Application;closed;2026-03-14;2026-03-14 22:00:14;0;14;XStore;PRD;0,03;110152;N/A;2026-03-22 09:03:49;Y;;
Farmacia Arrocha;0110154;P1;incident;Application;closed;2026-03-15;2026-03-16 15:05:19;0;2272;XStore;PRD;0,06;110202;N/A;2026-03-24 09:03:47;Y;;
Farmacia Arrocha;0110198;P2;incident;Application;closed;2026-03-16;;0;955;XStore;PRD;0,50;;N/A;2026-04-01 09:04:42;Y;;
Farmacia Arrocha;0110200;P2;incident;Application;closed;2026-03-16;;0;1045;XStore;PRD;0,13;;N/A;2026-04-03 09:04:48;Y;;
Farmacia Arrocha;0110207;P2;user_request;Application;acknowledged;2026-03-16;;0;;XStore;PRD;0,13;;N/A;;N;;
Farmacia Arrocha;0110228;P3;incident;Support;closed;2026-03-16;;0;50;XStore;PRD;0,06;;N/A;2026-03-24 09:03:48;Y;;
Farmacia Arrocha;0110256;P2;problem;Application;waiting_client_feedback;2026-03-17;;0;;XStore;PRD;0,06;;N/A;;N;;
Farmacia Arrocha;0110347;P2;incident;Integration;closed;2026-03-18;2026-03-19 19:08:37;0;878;XStore;PRD;0,19;110421;N/A;2026-03-27 09:03:36;Y;;
Farmacia Arrocha;0110402;P2;incident;Application;closed;2026-03-19;2026-03-19 20:34:12;0;424;XStore;QA;0,03;110425;N/A;2026-03-23 15:03:27;N;;
Farmacia Arrocha;0110421;P2;problem;Integration;waiting_client_feedback;2026-03-19;;0;;XStore;PRD;0,03;;N/A;;N;;
Farmacia Arrocha;0110434;P2;problem;Application;closed;2026-03-20;2026-03-20 09:23:30;0;0;XStore;PRD;0,00;;N/A;2026-05-06 13:05:59;N;;
Farmacia Arrocha;0110560;P2;user_request;Application;closed;2026-03-23;;0;214;XStore;QA;0,00;;N/A;2026-04-03 09:04:49;Y;;
Farmacia Arrocha;0110561;P2;incident;Application;closed;2026-03-23;2026-03-25 22:56:32;0;454;XStore;QA;0,22;110699;N/A;2026-03-26 21:03:24;N;;
Farmacia Arrocha;0110564;P2;user_request;Application;closed;2026-03-23;2026-03-30 18:31:51;0;831;XStore;PRD;0,41;;N/A;2026-04-07 09:04:50;Y;;
Farmacia Arrocha;0110602;P2;incident;Application;rejected;2026-03-24;;;;XStore;;0,03;;N/A;;N;;
Farmacia Arrocha;0110603;P2;incident;Application;closed;2026-03-24;;0;183;XStore;QA;0,03;;N/A;2026-04-01 09:04:48;Y;;
Farmacia Arrocha;0110629;P2;incident;Application;closed;2026-03-24;2026-03-24 18:32:17;0;50;XStore;PRD;0,09;110632;N/A;2026-04-01 09:04:49;Y;;
Farmacia Arrocha;0110748;P2;incident;Application;closed;2026-03-26;2026-03-27 22:10:00;0;350;XStore;QA;0,22;110830;N/A;2026-04-01 22:04:29;N;;
Farmacia Arrocha;0110751;P2;incident;Application;closed;2026-03-26;;0;260;XStore;QA;0,03;;N/A;2026-04-10 09:04:50;Y;;
Farmacia Arrocha;0110769;P2;user_request;Support;closed;2026-03-26;2026-03-26 23:08:43;0;100;XStore;PRD;0,03;;N/A;2026-04-03 09:04:52;Y;;
Farmacia Arrocha;0110776;P3;user_request;Application;closed;2026-03-27;2026-03-27 15:24:32;0;28;XStore;PRD;0,06;;N/A;2026-03-27 16:03:33;N;;
Farmacia Arrocha;0110810;P2;incident;Application;closed;2026-03-27;2026-03-27 22:06:38;0;142;XStore;PRD;0,13;110829;N/A;2026-04-01 22:04:30;N;;
Farmacia Arrocha;0110823;P2;user_request;Application;closed;2026-03-27;2026-03-31 15:02:01;0;80;XStore;QA;0,88;;N/A;2026-04-08 09:04:53;Y;;
Farmacia Arrocha;0110830;P2;problem;Application;resolved;2026-03-27;2026-03-27 22:09:38;0;;XStore;QA;0,03;;N/A;;N;;
Farmacia Arrocha;0110862;P1;incident;Application;closed;2026-03-30;2026-03-30 15:11:39;0;542;XStore;PRD;0,09;110891;N/A;2026-04-06 15:04:23;N;;
Farmacia Arrocha;0110884;P2;incident;Application;closed;2026-03-30;2026-03-31 14:16:11;0;181;XStore;PRD;1,06;110951;N/A;2026-04-06 14:04:16;N;;
Farmacia Arrocha;0110891;P1;problem;Application;waiting_client_feedback;2026-03-30;;0;;XStore;PRD;0,00;;N/A;;N;;
Farmacia Arrocha;0110951;P2;problem;Application;resolved;2026-03-31;2026-04-02 13:42:59;0;;XStore;PRD;0,09;;N/A;;N;;
Farmacia Arrocha;0110967;P2;user_request;Application;closed;2026-03-31;2026-03-31 22:01:31;0;311;XStore;PRD;0,06;;N/A;2026-04-06 14:04:16;N;;
Farmacia Arrocha;0110976;P2;incident;Application;closed;2026-03-31;;0;3087;XStore;PRD;0,19;;N/A;2026-04-17 09:04:35;Y;;
Farmacia Arrocha;0110978;P2;incident;Application;closed;2026-03-31;;0;1492;XStore;PRD;0,16;;N/A;2026-04-22 09:04:41;Y;;
Farmacia Arrocha;0110995;P2;incident;Application;closed;2026-03-31;;0;1458;XStore;PRD;0,00;;N/A;2026-04-07 20:04:15;N;;
Farmacia Arrocha;0111005;P1;incident;Application;closed;2026-04-01;2026-04-01 03:53:29;0;17;XStore;PRD;0,06;111006;N/A;2026-04-06 14:04:24;N;;
Farmacia Arrocha;0111006;P1;problem;Application;resolved;2026-04-01;2026-04-01 03:53:27;0;;XStore;PRD;0,03;;N/A;;N;;
Farmacia Arrocha;0111070;P1;incident;Application;closed;2026-04-02;2026-04-02 03:33:24;0;19;XStore;PRD;0,06;110891;N/A;2026-04-10 09:04:53;Y;;
Farmacia Arrocha;0111091;P3;user_request;Support;closed;2026-04-02;2026-04-13 21:35:43;0;463;XStore;PRD;0,06;;N/A;2026-04-21 09:04:41;Y;;
Farmacia Arrocha;0111162;P4;problem;Application;waiting_oracle_feedback;2026-04-06;;;;Infrastructure;PRD;0,56;;N/A;;N;;
Farmacia Arrocha;0111199;P3;incident;Application;closed;2026-04-06;2026-04-13 21:32:22;0;1396;XStore;PRD;0,31;111484;N/A;2026-04-20 19:04:10;N;;
Farmacia Arrocha;0111269;P2;incident;Application;closed;2026-04-07;;0;3336;XStore;PRD;0,22;;N/A;2026-05-07 09:05:37;Y;;
Farmacia Arrocha;0111326;P2;user_request;Application;closed;2026-04-08;;0;355;XStore;PRD;0,16;;N/A;2026-04-23 09:04:36;Y;;
Farmacia Arrocha;0111333;P2;user_request;Application;closed;2026-04-08;2026-04-15 18:44:52;0;586;XStore;PRD;0,88;;N/A;2026-04-23 09:04:36;Y;;
Farmacia Arrocha;0111360;P2;incident;Application;closed;2026-04-09;2026-04-25 01:04:42;0;3351;XStore;PRD;1,50;112125;N/A;2026-05-03 09:05:40;Y;;
Farmacia Arrocha;0111361;P3;incident;Application;closed;2026-04-09;2026-04-13 21:31:15;0;1140;XStore;PRD;0,59;111484;N/A;2026-04-15 18:04:42;N;;
Farmacia Arrocha;0111375;P2;incident;Application;closed;2026-04-09;2026-04-14 18:38:17;0;494;XStore;PRD;0,13;111569;N/A;2026-04-20 19:04:37;N;;
Farmacia Arrocha;0111376;P3;incident;Application;closed;2026-04-09;2026-04-13 21:30:19;0;704;XStore;PRD;0,16;111484;N/A;2026-04-20 19:04:32;N;;
Farmacia Arrocha;0111379;P2;incident;Application;closed;2026-04-09;2026-04-13 21:04:19;0;391;XStore;PRD;0,13;111498;N/A;2026-04-21 09:04:42;Y;;
Farmacia Arrocha;0111401;P2;incident;Application;closed;2026-04-10;2026-04-13 21:17:58;0;390;XStore;PRD;0,25;111503;N/A;2026-04-20 19:04:51;N;;
Farmacia Arrocha;0111408;P2;incident;Application;closed;2026-04-10;2026-04-14 18:31:19;0;354;XStore;PRD;0,28;111568;N/A;2026-04-22 09:04:42;Y;;
Farmacia Arrocha;0111424;P2;user_request;Application;closed;2026-04-10;;0;935;XStore;PRD;0,47;;N/A;2026-04-29 09:04:38;Y;;
Farmacia Arrocha;0111439;P1;incident;Support;closed;2026-04-12;2026-04-13 22:45:18;0;123;XStore;PRD;0,28;111504;N/A;2026-04-21 09:04:44;Y;;
Farmacia Arrocha;0111484;P3;problem;Application;resolved;2026-04-13;2026-04-24 20:58:50;0;;XStore;PRD;0,03;;N/A;;N;;
Farmacia Arrocha;0111489;P2;user_request;Support;closed;2026-04-13;2026-04-13 21:13:50;0;60;XStore;PRD;0,09;;N/A;2026-04-21 09:04:45;Y;;
Farmacia Arrocha;0111498;P2;problem;Application;resolved;2026-04-13;2026-04-13 21:11:49;0;;XStore;PRD;0,03;;N/A;;N;;
Farmacia Arrocha;0111503;P2;problem;Application;resolved;2026-04-13;2026-04-13 21:18:35;0;;XStore;PRD;0,03;;N/A;;N;;
Farmacia Arrocha;0111504;P1;problem;Support;waiting_client_feedback;2026-04-13;;0;;XStore;PRD;0,13;;N/A;;N;;
Farmacia Arrocha;0111568;P2;problem;Application;resolved;2026-04-14;2026-04-15 15:26:11;0;;XStore;PRD;0,03;;N/A;;N;;
Farmacia Arrocha;0111569;P2;problem;Application;resolved;2026-04-14;2026-04-14 18:38:49;0;;XStore;PRD;0,00;;N/A;;N;;
Farmacia Arrocha;0111638;P2;incident;Application;closed;2026-04-15;2026-04-16 17:29:39;0;283;XStore;PRD;0,03;111484;N/A;2026-04-24 09:04:38;Y;;
Farmacia Arrocha;0111680;P2;incident;Application;closed;2026-04-16;2026-04-20 15:44:06;0;392;XStore;PRD;0,13;111846;N/A;2026-04-20 19:04:16;N;;
Farmacia Arrocha;0111695;P2;user_request;Application;closed;2026-04-16;;0;475;XStore;QA;0,38;;N/A;2026-05-02 09:05:39;Y;;
Farmacia Arrocha;0111699;P2;incident;Application;closed;2026-04-16;2026-04-17 10:51:50;0;99;XStore;PRD;0,09;111730;N/A;2026-04-21 14:04:52;N;;
Farmacia Arrocha;0111985;P2;incident;Application;closed;2026-04-22;;0;443;XStore;PRD;0,19;;N/A;2026-05-01 09:05:38;Y;;
Farmacia Arrocha;0112068;P2;incident;Application;closed;2026-04-24;2026-04-24 20:59:31;0;111;XStore;PRD;0,06;111484;N/A;2026-05-02 09:05:41;Y;;
Farmacia Arrocha;0112109;P3;incident;Application;closed;2026-04-24;;0;379;XStore;PRD;0,28;;N/A;2026-05-05 09:05:40;Y;;
Farmacia Arrocha;0112125;P2;problem;Application;resolved;2026-04-25;2026-04-25 01:07:01;0;;XStore;PRD;0,00;;N/A;;N;;
Farmacia Arrocha;0112230;P2;user_request;Application;waiting_client_feedback;2026-04-27;;0;;XStore;PRD;0,00;;N/A;2026-05-06 09:05:34;Y;;
Farmacia Arrocha;0112380;P1;user_request;Application;closed;2026-04-29;;0;755;XStore;PRD;0,06;;N/A;2026-05-08 09:05:37;Y;;
